{
  "total_cases": 60,
  "successful_cases": 60,
  "failed_cases": 0,
  "success_rate": 1.0,
  "average_latency_ms": 4971.480246674037,
  "p50_latency_ms": 5025.672500021756,
  "p95_latency_ms": 5764.02780006174,
  "timeout_rate": 0.0,
  "http_error_rate": 0.0,
  "backend_generation_failed_rate": 0.0,
  "error_counts_by_type": {},
  "status_counts": {
    "ready_to_vote": 60
  },
  "generation_failed_rate": 0.0,
  "duplicate_clue_rate": 0.008403361344537815,
  "secret_word_leak_rate": 0.03333333333333333,
  "empty_clue_rate": 0.0,
  "average_clue_word_count": 2.154166666666667,
  "average_clues_per_round": 4.0,
  "missing_clue_round_rate": 0.0,
  "vote_submission_success_rate": 1.0,
  "group_detection_rate": 0.2857142857142857,
  "agent_vote_detection_rate": 0.2916666666666667,
  "agent_only_group_detection_rate": 0.2857142857142857,
  "random_chance_detection_rate": 0.25,
  "detection_lift_over_random": 0.0357142857142857,
  "imposter_win_rate": 0.8,
  "detection_rate_by_imposter_position": {
    "0": 0.5,
    "1": 0.25,
    "2": 0.3333333333333333,
    "3": 0.16666666666666666
  },
  "vote_tie_rate": 0.3
}
